ville,email
GIBEL, mairie.gibel@wanadoo.fr
GOUAUX DE LARBOUST, gouaux.de.larboust@wanadoo.fr
GOUAUX DE LUCHON, mairie.gouaux.de.luchon@wanadoo.fr
GOUDEX, 
GOURDAN POLIGNAN, mairie.gourdan-polignan@wanadoo.fr
GOUTEVERNISSE, 
GOUZENS, gouzens@wanadoo.fr
GOYRANS, mairie-goyrans@orange.fr
GRAGNAGUE, mairie-gragnague@wanadoo.fr
GRATENS, mairie.gratens.31@wanadoo.fr
GRATENTOUR, mairie@gratentour.fr
GRAZAC, mairiegrazac31@wanadoo.fr
GRENADE,
GREPIAC, mairie-grepiac@wanadoo.fr
GURAN, commune-de-guran@orange.fr
HERRAN, mairie.herran@orange.fr
HIS, mairiedehis@wanadoo.fr
HUOS, mairie.huos@wanadoo.fr
ISSUS, mairie.issus@wanadoo.fr
IZAUT DE L HOTEL, mairie.izaut@wanadoo.fr
JURVIELLE, mairie-jurvielle@sfr.fr
JUZES, mairie.juzes@orange.fr
JUZET DE LUCHON, mairie.juzet@wanadoo.fr
JUZET D IZAUT, mairie-juzetdizaut@orange.fr
LABARTHE INARD, mairie.labarthe.inard@wanadoo.fr
LABARTHE RIVIERE, mairie.labartheriviere@wanadoo.fr
LABARTHE SUR LEZE, mairie-de-labarthe-sur-leze@wanadoo.fr
LABASTIDE BEAUVOIR, secretariat-mairie-labastide-beauvoir@alsatis.net
LABASTIDE CLERMONT, labastide-clermont@hotmail.fr
LABASTIDE PAUMES, commune-de-labastide-paumes@orange.fr
LABASTIDE SAINT SERNIN, mairie.labastidesaintsernin@wanadoo.fr
LABASTIDETTE, mairie.labastidette@wanadoo.fr
LABEGE, accueil@ville-labege.fr
LABROQUERE, mairie.labroquere@wanadoo.fr
LABRUYERE DORSA, mairie-labruyere.dorsa@wanadoo.fr
LACAUGNE, mairielacaugne@wanadoo.fr
LACROIX FALGARDE, mairielacroix.falgarde@wanadoo.fr
LAFFITE TOUPIERE, laffitetoupiere@free.fr
LAFITTE VIGORDANE, lafitte-vigordane@wanadoo.fr
LAGARDE, mairie-de-lagarde@alsatis.net
LAGARDELLE SUR LEZE, mairie.lagardelle@wanadoo.fr
LAGRACE DIEU, mairielagrace.dieu@wanadoo.fr
LAGRAULET SAINT NICOLAS, mairie.lagraulet31@wanadoo.fr
LAHAGE, mairiedelahage@hotmail.fr
LAHITERE, 
LALOURET LAFFITEAU, communelalouret@wanadoo.fr
LA MAGDELAINE SUR TARN, commune.magdelaine@wanadoo.fr
LAMASQUERE, mairie.lamasquere@wanadoo.fr
LANDORTHE, mairielandorthe@wanadoo.fr
LANTA, mairie.lanta@wanadoo.fr
LAPEYRERE, mairie-lapeyrere@wanadoo.fr
LAPEYROUSE FOSSAT, lapeyrouse-fossat@wanadoo.fr
LARCAN, mairie.larcan@wanadoo.fr
LAREOLE, communelareole@orange.fr
LARRA, mairie-larra@wanadoo.fr
LARROQUE, mairie.larroque@wanadoo.fr
LA SALVETAT LAURAGAIS, mairie.lasalvetatlauragais@wanadoo.fr
LA SALVETAT SAINT GILLES, mairie.salvetat@wanadoo.fr
LASSERRE, mairie.lasserre2@wanadoo.fr
LATOUE, mairie.latoue@wanadoo.fr
LATOUR, mairie-latour2@wanadoo.fr
LATRAPE, mairiedelatrape@orange.fr
LAUNAC, mairie-de-launac@wanadoo.fr
LAUNAGUET, courrier@mairie-launaguet.fr
LAUTIGNAC, mairie.lautignac@free.fr
LAUZERVILLE, mairie.lauzerville@wanadoo.fr
LAVALETTE, mairielavalette@wanadoo.fr
LAVELANET DE COMMINGES, mairie-lavelanet-de-comminges@wanadoo.fr
LAVERNOSE LACASSE, mairie.lavernose.lacasse@wanadoo.fr
LAYRAC SUR TARN, mairielayracsurtarn@wanadoo.fr
LE BORN, mairieleborn@wanadoo.fr
LE BURGAUD, mairiedeleburgaud@wanadoo.fr
LE CABANIAL, mairie.cabanial@wanadoo.fr
LE CASTERA, mairie.le.castera@wanadoo.fr
LE CUING, lecuing@wanadoo.fr
LECUSSAN, lecussan.mairie@orange.fr
LE FAGET, le-faget.mairie@wanadoo.fr
LE FAUGA, mairie-de-le-fauga@wanadoo.fr
LE FOUSSERET, mairie.lefousseret@orange.fr
LE FRECHET, mairiedufrechet@wanadoo.fr
LEGE, 
LE GRES, mairie.le-gres@wanadoo.fr
LEGUEVIN, contact@ville-leguevin.fr
LE PIN MURELET, mairie.du.pin.murelet@wibox.fr
LE PLAN, mairieleplan@wanadoo.fr
LESCUNS, 
LESPINASSE, contacts-accueil@ville-lespinasse.com
LESPITEAU, mairie.lespiteau@wanadoo.fr
LESPUGUE, mairie.lespugue@wanadoo.fr
LESTELLE DE SAINT MARTORY, mairie.lestelle-31@wanadoo.fr
LES TOUREILLES, les-tourreilles@orange.fr
LEVIGNAC, accueil@mairie-levignac.com
LEZ, 
LHERM, mairie-lherm-31@wanadoo.fr
LILHAC, mairie.lilhac@wanadoo.fr
L ISLE EN DODON, mairie@mairie-lisleendodon.fr
LODES, mairiedelodes@wanadoo.fr
LONGAGES, maire.mairie.longages@wanadoo.fr
LOUBENS LAURAGAIS, mairie.loubens@wanadoo.fr
LOUDET, 
LOURDE, commune.lourde@orange.fr
LUNAX, 
L UNION, courrier@mairie-lunion.fr
LUSCAN, mairie-luscan@wanadoo.fr
LUSSAN ADEILHAC, mairie.mairie755@orange.fr
LUX, mairie.lux31@orange.fr
MAILHOLAS, rieux.sivom@orange.fr
MALVEZIE, mairie.malvezie@altimet.fr
MANCIOUX, mairiemancioux@wanadoo.fr
MANE, mairie.mane@wanadoo.fr
MARIGNAC, mairie.marignac@wanadoo.fr
MARIGNAC LASCLARES, mairiemarignaclascl@free.fr
MARIGNAC LASPEYRES, mairie.marignac-laspeyres@wanadoo.fr
MARLIAC, mairiedemarliac@wanadoo.fr
MARQUEFAVE, marquefave@wanadoo.fr
MARSOULAS, commarsoulas@wanadoo.fr
MARTISSERRE, mairie.martisserre@wanadoo.fr
MARTRES DE RIVIERE, mairie.martres-de-riviere@altinet.fr
MARTRES TOLOSANE, contact@mairie-martres-tolosane.fr
MASCARVILLE, mairiedemascarville@wanadoo.fr
MASSABRAC, mairie.massabrac@wanadoo.fr
MAURAN, mairie.mauran@wanadoo.fr
MAUREMONT, mairie-mauremont@orange.fr
MAURENS, mairie-de-maurens@orange.fr
MAURESSAC, mairiedemauressac@wanadoo.fr
MAUREVILLE, communedemaureville@orange.fr
MAUVAISIN, mairie.mauvaisin@yahoo.fr
MAUVEZIN, commune.mauvezin.gers@wanadoo.fr
MAUZAC, mairie.mauzac2@wanadoo.fr
MAYREGNE, mairie.de.mayregne2@luxinet.fr
MAZERES SUR SALAT, mairie-mazeres2@wanadoo.fr
MELLES, mairie-de-melles@wanadoo.fr
MENVILLE, mairie.menville@wanadoo.fr
MERENVIELLE, merenvielle.haute-garonne@wanadoo.fr
MERVILLA, mervilla.mairie@wanadoo.fr
MERVILLE, contact@ville.merville.fr
MILHAS, mairie-milhas@wanadoo.fr
MIRAMBEAU, mairie.mirambeau@wanadoo.fr
MIRAMONT DE COMMINGES, mairiemiramont@wanadoo.fr
MIREMONT, mairie.miremont31@wanadoo.fr
MIREPOIX SUR TARN, mairie.mirepoixsurtarn@wanadoo.fr
MOLAS, mairie.molas@wanadoo.fr
MONCAUP, mairiedemoncaup@wanadoo.fr
MONDAVEZAN, mairie@mondavezan.fr
MONDILHAN, mondilhan.mairie@wanadoo.fr
MONDONVILLE, mairie@mondonville.fr
MONDOUZIL, mairie.mondouzil@wanadoo.fr
MONES, mairie.mones@orange.fr
MONESTROL, 
MONS, mairie.mons31@wanadoo.fr
MONTAIGUT SUR SAVE, montaigut-accueil@wanadoo.fr
MONTASTRUC DE SALIES, mairie.montastruc-de-salies@wanadoo.fr
MONTASTRUC LA CONSEILLERE, info@mairie-montastruc.fr
MONTASTRUC SAVES, 
MONTAUBAN DE LUCHON, mairie.montauban.luchon@wanadoo.fr
MONTAUT, mairie-montaut@wanadoo.fr
MONTBERAUD, mairie-montberaud@wanadoo.fr
MONTBERNARD, mairie.de.montbernard@wanadoo.fr
MONTBERON, mairie.montberon@wanadoo.fr
MONTBRUN BOCAGE, commune-montbrun-bocage@wanadoo.fr
MONTBRUN LAURAGAIS, mairie@montbrun-lauragais.fr
MONTCLAR DE COMMINGES, mairiedemonclardecommunges@wanadoo.fr
MONTCLAR LAURAGAIS, commune.montclarlauragais@orange.fr
MONT DE GALIE, 
MONTEGUT BOURJAC, monteg.bo@wanadoo.fr
MONTEGUT LAURAGAIS, mairie.montegut.lauragais@wanadoo.fr
MONTESPAN, montespan.mairie@wanadoo.fr
MONTESQUIEU GUITTAUT, 
MONTESQUIEU LAURAGAIS, montesquieu.mairie@wanadoo.fr
MONTESQUIEU VOLVESTRE, mairie.montesquieuvolvestre@orange-business.fr
MONTGAILLARD DE SALIES, montgaillard.mairie.31@orange.fr
MONTGAILLARD LAURAGAIS, mairie-de-montgaillard-lauragais@alsatis.net
MONTGAILLARD SUR SAVE, mairiemontsave@orange.fr
MONTGAZIN, commune-de-montgazin@orange.fr
MONTGEARD, mairiedemontgeard@wanadoo.fr
MONTGISCARD, courrier@montgiscard.com
MONTGRAS, mairie.montgras@orange.fr
MONTJOIRE, mairiedemontjoire@wanadoo.fr
MONTLAUR, mairiedemontlaur@orange.fr
MONTMAURIN, mairie.montmaurin@wanadoo.fr
MONTOULIEU SAINT BERNARD, 
MONTOUSSIN, mairie.montoussin.31@wanadoo.fr
MONTPITOL, mairie-montpitol@wanadoo.fr
MONTRABE, info@mairie-montrabe.fr
MONTREJEAU, mairie-montrejeau@wanadoo.fr
MONTSAUNES, mairie.montsaunes@wanadoo.fr
MOURVILLES BASSES, mairiedemourvilles@orange.fr
MOURVILLES HAUTES, mairiemourvilleshautes@wanadoo.fr
MOUSTAJON, communemoustajon@wanadoo.fr
MURET, accueil@mairie-muret.fr
NAILLOUX, mairiedenailloux@wanadoo.fr
NENIGAN, commune-de-nenigan@orange.fr
NIZAN GESSE, commune-nizan-gesse@orange.fr
NOE, mairie.noe@wanadoo.fr
NOGARET, mairie.nogaret@orange.fr
NOUEILLES, mairie@noueilles.fr
ODARS, mairie.odars@wanadoo.fr
ONDES, mairie-ondes@wanadoo.fr
OO, mairie.oo@wanadoo.fr
ORE, mairie.ore@wanadoo.fr
PALAMINY, mairie.palaminy@laposte.net
PAULHAC, mairie@paulhac.fr
PAYSSOUS, mairie.payssous@wanadoo.fr
PECHABOU, mairiedepechabou@wanadoo.fr
PECHBONNIEU, mairie@ville-pechbonnieu.fr
PECHBUSQUE, mairie.pechbusque@wanadoo.fr
PEGUILHAN, mairiedepeguilhan@wanadoo.fr
PELLEPORT, mairie.pelleport@free.fr
PEYRISSAS, mairie.peyrissas@wanadoo.fr
PEYROUZET, mairie.peyrouzet@orange.fr
