ville,email
AGASSAC, 
AIGNES, mairie.de.aignes@aliceadsl.fr
AIGREFEUILLE, mairie.aigrefeuille31@wanadoo.fr
ALAN, 
ALBIAC, 
AMBAX, 
ANAN, mairie.anan@wanadoo.fr
ANTICHAN DE FRONTIGNES, commune-antichandefrontignes@orange.fr
ANTIGNAC, mairie.antignac31@orange.fr
ARBAS, secretariat.mairie.arbas@orange.fr
ARBON, mairie.arbon@wanadoo.fr
ARDIEGE, communedardiege@wanadoo.fr
ARGUENOS, mairie.arguenos@orange.fr
ARGUT DESSOUS, 
ARLOS, arlos@wanadoo.fr
ARNAUD GUILHEM, arnaud-guilhem.mairie@wanadoo.fr
ARTIGUE, rocabe@laposte.net
ASPET, mairie.aspet@wanadoo.fr
ASPRET SARRAT, mairieaspretsarrat@wanadoo.fr
AUCAMVILLE, mairie@ville-aucamville.fr
AULON, michel.fitte@wanadoo.fr
AURAGNE, mairie@auragne.net
AUREVILLE, mairie.aureville@wanadoo.fr
AURIAC SUR VENDINELLE, mairie-auriac@wanadoo.fr
AURIBAIL, 
AURIGNAC, mairie@aurignac.fr
AURIN, mairie-aurin@wanadoo.fr
AUSSEING, mairieausseing@wanadoo.fr
AUSSON, mairie.ausson@free.fr
AUSSONNE, contact@aussonne.fr
AUTERIVE, accueil@auterive-ville.fr
AUZAS, auzas.mairie@wanadoo.fr
AUZEVILLE TOLOSANE, mairie.auzeville@wanadoo.fr
AUZIELLE, mairie-auzielle@wanadoo.fr
AVIGNONET LAURAGAIS, mairie-avignonet-lauragais@orange.fr
AYGUESVIVES, mairie.ayguesvives31@wanadoo.fr
AZAS, azas.mairie@wanadoo.fr
BACHAS, marcel.berges@wanadoo.fr
BACHOS, 
BAGIRY, mairie.bagiry@wanadoo.fr
BAGNERES DE LUCHON, m.blanchardon@mairie-luchon.fr
BALESTA, mairiebalesta@wanadoo.fr
BALMA, courrier@mairie-balma.fr
BARBAZAN, accueil@mairie-barbazan.fr
BAREN, 
BAX, mairiebax@free.fr
BAZIEGE, mairie.baziege@wanadoo.fr
BAZUS, mairie.bazus@wanadoo.fr
BEAUCHALOT, beauchalot.mairie.31@orange.fr
BEAUFORT, mairiebeaufort@orange.fr
BEAUMONT SUR LEZE, beaumont-sur-leze@wanadoo.fr
BEAUPUY, mairie.beaupuy31@orange.fr
BEAUTEVILLE, mairie-de-beauteville@alsatis.net
BEAUVILLE, mairiedebeauville@orange.fr
BEAUZELLE, contact@mairie-beauzelle.fr
BELBERAUD, mairie.belberaud@orange.fr
BELBEZE DE LAURAGAIS, mairie.belbeze.lauragais@wanadoo.fr
BELBEZE EN COMMINGES, mairie-belbeze-en-comminges@wanadoo.fr
BELESTA EN LAURAGAIS, mairie.belestaenlauragais@wanadoo.fr
BELLEGARDE SAINTE MARIE, mairie.bellegarde31@wanadoo.fr
BELLESSERRE, mairie.bellesserre31@wanadoo.fr
BENQUE, commune-de-benque@orange.fr
BENQUE DESSOUS ET DESSUS, 
BERAT, mairie@berat.fr
BESSIERES, mairie@mairie-bessieres31.fr
BEZINS GARRAUX, mairie.bezins-garraux@orange.fr
BILLIERE, 
BINOS, 
BLAGNAC, contact@mairie-blagnac.fr
BLAJAN, mairie.blajan@wanadoo.fr
BOIS DE LA PIERRE, mairie.boisdelapierre@perso.altitudetelecom.fr
BOISSEDE, mairieboissede@wanadoo.fr
BONDIGOUX, mairiedebondigoux@wanadoo.fr
BONREPOS RIQUET, mairie.bonrepos.riquet@wanadoo.fr
BONREPOS SUR AUSSONNELLE, bsa.mairie@wanadoo.fr
BORDES DE RIVIERE, mairiebordes@orange.fr
BOUDRAC, mairie.boudrac@wanadoo.fr
BOULOC, mairie-bouloc@wanadoo.fr
BOULOGNE SUR GESSE, mairie-boulogne-sgesse@wanadoo.fr
BOURG D OUEIL, mairiedebourgdoueil@luxinet.fr
BOURG SAINT BERNARD, mairie.stbernard@wanadoo.fr
BOUSSAN, mairiedeboussan@wanadoo.fr
BOUSSENS, mairie-de-boussens@wanadoo.fr
BOUTX, mairie.boutx@wanadoo.fr
BOUZIN, mairie.bouzin@wanadoo.fr
BRAGAYRAC, mairie.bragayrac@wanadoo.fr
BRAX, contact@mairie-brax.fr
BRETX, mairie-bretx@wanadoo.fr
BRIGNEMONT, mairie.brignemont31@orange.fr
BRUGUIERES, accueil@mairie-bruguieres.fr
BURGALAYS, mairie-burgalays@wanadoo.fr
BUZET SUR TARN, secretariat@buzet-sur-tarn.fr
CABANAC CAZAUX, mairie-cabanac-cazaux@orange.fr
CABANAC SEGUENVILLE, mairie.cabanac@wanadoo.fr
CADOURS, mairiedecadours@wanadoo.fr
CAIGNAC, mairie-de-caignac@alsatis.net
CALMONT, mairie.calmont.31@wanadoo.fr
CAMBERNARD, mairiedecambernard@wanadoo.fr
CAMBIAC, mairie-de-cambiac@alsatis.net
CANENS, mairie.canens@orange.fr
CAPENS, mairiedecapens@wanadoo.fr
CARAGOUDES, jean-louis.cancian@wanadoo.fr
CARAMAN, mairie.caraman@wanadoo.fr
CARBONNE, contact@ville-carbonne.fr
CARDEILHAC, mairie.cardeilhac@wanadoo.fr
CASSAGNABERE TOURNAS, mairie.cassagnabere@free.fr
CASSAGNE, cassagne.mairie@wanadoo.fr
CASTAGNAC, commune-de-castagnac@wanadoo.fr
CASTAGNEDE, mairiedecastagnede@alsetis.net
CASTANET TOLOSAN, mairie@castanet-tolosan.fr
CASTELBIAGUE, castelbiague.mairie.31@wanadoo.fr
CASTELGAILLARD, mairie.castelgaillard@wanadoo.fr
CASTELGINEST, secretariat@mairie-castelginest.fr
CASTELMAUROU, mairie-de-castelmaurou@wanadoo.fr
CASTELNAU D ESTRETEFONDS, mairie-castelnau-estretefonds@wanadoo.fr
CASTELNAU PICAMPEAU, mairie.picampeau@wanadoo.fr
CASTERA VIGNOLES, maire-castera@orange.fr
CASTIES LABRANDE, mairie.casties.labrande@orange.fr
CASTILLON DE LARBOUST, mairie.castillondelarboust@wanadoo.fr
CASTILLON DE SAINT MARTORY, mairie.castillon.stmartory@wanadoo.fr
CATHERVIELLE, 
CAUBIAC, mairie.caubiac@wanadoo.fr
CAUBOUS, 
CAUJAC, commune.caujac@wanadoo.fr
CAZAC, mairiecazac@orange.fr
CAZARIL LASPENES, 
CAZARIL TAMBOURES, cazaril-tamboures@wanadoo.fr
CAZAUNOUS, commune-de-cazaunous@orange.fr
CAZAUX LAYRISSE, 
CAZEAUX DE LARBOUST, mairiecazeauxdelarboust@wanadoo.fr
CAZENEUVE MONTAUT, michel.cabe@laposte.net
CAZERES, mairie-cazeresgaronne@wanadoo.fr
CEPET, mairie.cepet@wanadoo.fr
CESSALES, mairie-cessales@wanadoo.fr
CHARLAS, charlas@orange.fr
CHAUM, mairie.chaum@wanadoo.fr
CHEIN DESSUS, cheindessus.mairie@wanadoo.fr
CIADOUX, ciadoux.mairie@wanadoo.fr
CIER DE LUCHON, cierdeluchon@orange.fr
CIER DE RIVIERE, commune-de-cier-de-riviere@wanadoo.fr
CIERP GAUD, mairie.cierp-gaud@wanadoo.fr
CINTEGABELLE, mairie-cintegabelle@wanadoo.fr
CIRES, mairie.de.cires@wibox.fr
CLARAC, communedeclarac@orange.fr
CLERMONT LE FORT, mairie.clermont-le-fort@wanadoo.fr
COLOMIERS, com@mairie-colomiers.fr
CORNEBARRIEU, mairie@mairie-cornebarrieu.fr
CORRONSAC, mairie.corronsac@wanadoo.fr
COUEILLES, commune.coueilles@orange.fr
COULADERE, mairiedecouladere@wanadoo.fr
COURET, mairie.couret@wanadoo.fr
COX, mairie.cox31@wanadoo.fr
CUGNAUX, contact@mairie-cugnaux.fr
CUGURON, mairie.cuguron@orange.fr
DAUX, mairie-daux@wanadoo.fr
DEYME, mairie.deyme@wanadoo.fr
DONNEVILLE, mairie-donneville@wanadoo.fr
DREMIL LAFAGE, administration@dremil-lafage.fr
DRUDAS, mairie.drudas@orange.fr
EAUNES, mairie.eaunes@mairieaunes.fr
EMPEAUX, mairie.empeaux@wanadoo.fr
ENCAUSSE LES THERMES, encausse.les.thermes@wanadoo.fr
EOUX, mairie.eoux@wanadoo.fr
ESCALQUENS, secretariat.maire@mairie-escalquens.fr
ESCANECRABE, mairie.escanecrabe@orange.fr
ESCOULIS, 
ESPANES, mairie.espanes@wanadoo.fr
ESPARRON, mairie.esparron@altinet.fr
ESPERCE, mairie.esperce@wanadoo.fr
ESTADENS, mairie.estadens@orange.fr
ESTANCARBON, mairie.estancarbon@orange.fr
ESTENOS, mairie.estenos@wanadoo.fr
EUP, mairie.eup@wanadoo.fr
FABAS, communefabas@wanadoo.fr
FALGA, mairie.lefalga@orange.fr
FENOUILLET, courrier@mairie-fenouillet.fr
FIGAROL, figarol.mairie@free.fr
FLOURENS, mairie@flourens.fr
FOLCARDE, mairie.folcarde@orange.fr
FONBEAUZARD, mairie.fonbeauzard@wanadoo.fr
FONSORBES, mairie.de.fonsorbes@wanadoo.fr
FONTENILLES, mairie.fontenilles@wanadoo.fr
FORGUES, mairie.forgues@orange.fr
FOS, mairie.fos@wanadoo.fr
FOUGARON, mairiedefougaron@orange.fr
FOURQUEVAUX, mairie.de.fourquevaux@wanadoo.fr
FRANCARVILLE, mairiefrancarville@orange.fr
FRANCAZAL, francazal.mairie@wanadoo.fr
FRANCON, mairiefrancon@wanadoo.fr
FRANQUEVIELLE, mairiedefranquevielle@orange.fr
FRONSAC, mairie.fronsac34@orange.fr
FRONTIGNAN DE COMMINGES, mairie.frontignandecomminges@wanadoo.fr
FRONTIGNAN SAVES, mairie.frontignan-saves@wanadoo.fr
FRONTON, mairie.fronton@wanadoo.fr
FROUZINS, contact@mairie-frouzins.fr
FUSTIGNAC, 
GAGNAC SUR GARONNE, accueil.mairie@gagnac-sur-garonne.fr
GAILLAC TOULZA, mairie.gaillac-toulza@orange.fr
GALIE, mairie.galie@wanadoo.fr
GANTIES, mairiedeganties@wanadoo.fr
GARAC, mairie.garac@orange.fr
GARDOUCH, gardouch.mairie@wanadoo.fr
GARGAS, mairie.gargas@wanadoo.fr
GARIDECH, mairie-garidech@wanadoo.fr
GARIN, mairie-garin@wanadoo.fr
GAURE, contact@gaure.net
GEMIL, commune-gemil@orange.fr
GENOS, mairie-de-genos-31@wanadoo.fr
GENSAC DE BOULOGNE, mairie.gensac-de-boulogne@altinet.fr
GENSAC SUR GARONNE, mairie.gensac.sur.garonne@wanadoo.fr
GIBEL, mairie.gibel@wanadoo.fr
GOUAUX DE LARBOUST, gouaux.de.larboust@wanadoo.fr
GOUAUX DE LUCHON, mairie.gouaux.de.luchon@wanadoo.fr
GOUDEX, 
GOURDAN POLIGNAN, mairie.gourdan-polignan@wanadoo.fr
GOUTEVERNISSE, 
GOUZENS, gouzens@wanadoo.fr
GOYRANS, mairie-goyrans@orange.fr
GRAGNAGUE, mairie-gragnague@wanadoo.fr
GRATENS, mairie.gratens.31@wanadoo.fr
GRATENTOUR, mairie@gratentour.fr
GRAZAC, mairiegrazac31@wanadoo.fr
GRENADE,
GREPIAC, mairie-grepiac@wanadoo.fr
GURAN, commune-de-guran@orange.fr
HERRAN, mairie.herran@orange.fr
HIS, mairiedehis@wanadoo.fr
HUOS, mairie.huos@wanadoo.fr
ISSUS, mairie.issus@wanadoo.fr
IZAUT DE L HOTEL, mairie.izaut@wanadoo.fr
JURVIELLE, mairie-jurvielle@sfr.fr
JUZES, mairie.juzes@orange.fr
JUZET DE LUCHON, mairie.juzet@wanadoo.fr
JUZET D IZAUT, mairie-juzetdizaut@orange.fr
LABARTHE INARD, mairie.labarthe.inard@wanadoo.fr
LABARTHE RIVIERE, mairie.labartheriviere@wanadoo.fr
LABARTHE SUR LEZE, mairie-de-labarthe-sur-leze@wanadoo.fr
LABASTIDE BEAUVOIR, secretariat-mairie-labastide-beauvoir@alsatis.net
LABASTIDE CLERMONT, labastide-clermont@hotmail.fr
LABASTIDE PAUMES, commune-de-labastide-paumes@orange.fr
LABASTIDE SAINT SERNIN, mairie.labastidesaintsernin@wanadoo.fr
LABASTIDETTE, mairie.labastidette@wanadoo.fr
LABEGE, accueil@ville-labege.fr
LABROQUERE, mairie.labroquere@wanadoo.fr
LABRUYERE DORSA, mairie-labruyere.dorsa@wanadoo.fr
LACAUGNE, mairielacaugne@wanadoo.fr
LACROIX FALGARDE, mairielacroix.falgarde@wanadoo.fr
LAFFITE TOUPIERE, laffitetoupiere@free.fr
LAFITTE VIGORDANE, lafitte-vigordane@wanadoo.fr
LAGARDE, mairie-de-lagarde@alsatis.net
LAGARDELLE SUR LEZE, mairie.lagardelle@wanadoo.fr
LAGRACE DIEU, mairielagrace.dieu@wanadoo.fr
LAGRAULET SAINT NICOLAS, mairie.lagraulet31@wanadoo.fr
LAHAGE, mairiedelahage@hotmail.fr
LAHITERE, 
LALOURET LAFFITEAU, communelalouret@wanadoo.fr
LA MAGDELAINE SUR TARN, commune.magdelaine@wanadoo.fr
LAMASQUERE, mairie.lamasquere@wanadoo.fr
LANDORTHE, mairielandorthe@wanadoo.fr
LANTA, mairie.lanta@wanadoo.fr
LAPEYRERE, mairie-lapeyrere@wanadoo.fr
LAPEYROUSE FOSSAT, lapeyrouse-fossat@wanadoo.fr
LARCAN, mairie.larcan@wanadoo.fr
LAREOLE, communelareole@orange.fr
LARRA, mairie-larra@wanadoo.fr
LARROQUE, mairie.larroque@wanadoo.fr
LA SALVETAT LAURAGAIS, mairie.lasalvetatlauragais@wanadoo.fr
LA SALVETAT SAINT GILLES, mairie.salvetat@wanadoo.fr
LASSERRE, mairie.lasserre2@wanadoo.fr
LATOUE, mairie.latoue@wanadoo.fr
LATOUR, mairie-latour2@wanadoo.fr
LATRAPE, mairiedelatrape@orange.fr
LAUNAC, mairie-de-launac@wanadoo.fr
LAUNAGUET, courrier@mairie-launaguet.fr
LAUTIGNAC, mairie.lautignac@free.fr
LAUZERVILLE, mairie.lauzerville@wanadoo.fr
LAVALETTE, mairielavalette@wanadoo.fr
LAVELANET DE COMMINGES, mairie-lavelanet-de-comminges@wanadoo.fr
LAVERNOSE LACASSE, mairie.lavernose.lacasse@wanadoo.fr
LAYRAC SUR TARN, mairielayracsurtarn@wanadoo.fr
LE BORN, mairieleborn@wanadoo.fr
LE BURGAUD, mairiedeleburgaud@wanadoo.fr
LE CABANIAL, mairie.cabanial@wanadoo.fr
LE CASTERA, mairie.le.castera@wanadoo.fr
LE CUING, lecuing@wanadoo.fr
LECUSSAN, lecussan.mairie@orange.fr
LE FAGET, le-faget.mairie@wanadoo.fr
LE FAUGA, mairie-de-le-fauga@wanadoo.fr
LE FOUSSERET, mairie.lefousseret@orange.fr
LE FRECHET, mairiedufrechet@wanadoo.fr
LEGE, 
LE GRES, mairie.le-gres@wanadoo.fr
LEGUEVIN, contact@ville-leguevin.fr
LE PIN MURELET, mairie.du.pin.murelet@wibox.fr
LE PLAN, mairieleplan@wanadoo.fr
LESCUNS, 
LESPINASSE, contacts-accueil@ville-lespinasse.com
LESPITEAU, mairie.lespiteau@wanadoo.fr
LESPUGUE, mairie.lespugue@wanadoo.fr
LESTELLE DE SAINT MARTORY, mairie.lestelle-31@wanadoo.fr
LES TOUREILLES, les-tourreilles@orange.fr
LEVIGNAC, accueil@mairie-levignac.com
LEZ, 
LHERM, mairie-lherm-31@wanadoo.fr
LILHAC, mairie.lilhac@wanadoo.fr
L ISLE EN DODON, mairie@mairie-lisleendodon.fr
LODES, mairiedelodes@wanadoo.fr
LONGAGES, maire.mairie.longages@wanadoo.fr
LOUBENS LAURAGAIS, mairie.loubens@wanadoo.fr
LOUDET, 
LOURDE, commune.lourde@orange.fr
LUNAX, 
L UNION, courrier@mairie-lunion.fr
LUSCAN, mairie-luscan@wanadoo.fr
LUSSAN ADEILHAC, mairie.mairie755@orange.fr
LUX, mairie.lux31@orange.fr
MAILHOLAS, rieux.sivom@orange.fr
MALVEZIE, mairie.malvezie@altimet.fr
MANCIOUX, mairiemancioux@wanadoo.fr
MANE, mairie.mane@wanadoo.fr
MARIGNAC, mairie.marignac@wanadoo.fr
MARIGNAC LASCLARES, mairiemarignaclascl@free.fr
MARIGNAC LASPEYRES, mairie.marignac-laspeyres@wanadoo.fr
MARLIAC, mairiedemarliac@wanadoo.fr
MARQUEFAVE, marquefave@wanadoo.fr
MARSOULAS, commarsoulas@wanadoo.fr
MARTISSERRE, mairie.martisserre@wanadoo.fr
MARTRES DE RIVIERE, mairie.martres-de-riviere@altinet.fr
MARTRES TOLOSANE, contact@mairie-martres-tolosane.fr
MASCARVILLE, mairiedemascarville@wanadoo.fr
MASSABRAC, mairie.massabrac@wanadoo.fr
MAURAN, mairie.mauran@wanadoo.fr
MAUREMONT, mairie-mauremont@orange.fr
MAURENS, mairie-de-maurens@orange.fr
MAURESSAC, mairiedemauressac@wanadoo.fr
MAUREVILLE, communedemaureville@orange.fr
MAUVAISIN, mairie.mauvaisin@yahoo.fr
MAUVEZIN, commune.mauvezin.gers@wanadoo.fr
MAUZAC, mairie.mauzac2@wanadoo.fr
MAYREGNE, mairie.de.mayregne2@luxinet.fr
MAZERES SUR SALAT, mairie-mazeres2@wanadoo.fr
MELLES, mairie-de-melles@wanadoo.fr
MENVILLE, mairie.menville@wanadoo.fr
MERENVIELLE, merenvielle.haute-garonne@wanadoo.fr
MERVILLA, mervilla.mairie@wanadoo.fr
MERVILLE, contact@ville.merville.fr
MILHAS, mairie-milhas@wanadoo.fr
MIRAMBEAU, mairie.mirambeau@wanadoo.fr
MIRAMONT DE COMMINGES, mairiemiramont@wanadoo.fr
MIREMONT, mairie.miremont31@wanadoo.fr
MIREPOIX SUR TARN, mairie.mirepoixsurtarn@wanadoo.fr
MOLAS, mairie.molas@wanadoo.fr
MONCAUP, mairiedemoncaup@wanadoo.fr
MONDAVEZAN, mairie@mondavezan.fr
MONDILHAN, mondilhan.mairie@wanadoo.fr
MONDONVILLE, mairie@mondonville.fr
MONDOUZIL, mairie.mondouzil@wanadoo.fr
MONES, mairie.mones@orange.fr
MONESTROL, 
MONS, mairie.mons31@wanadoo.fr
MONTAIGUT SUR SAVE, montaigut-accueil@wanadoo.fr
MONTASTRUC DE SALIES, mairie.montastruc-de-salies@wanadoo.fr
MONTASTRUC LA CONSEILLERE, info@mairie-montastruc.fr
MONTASTRUC SAVES, 
MONTAUBAN DE LUCHON, mairie.montauban.luchon@wanadoo.fr
MONTAUT, mairie-montaut@wanadoo.fr
MONTBERAUD, mairie-montberaud@wanadoo.fr
MONTBERNARD, mairie.de.montbernard@wanadoo.fr
MONTBERON, mairie.montberon@wanadoo.fr
MONTBRUN BOCAGE, commune-montbrun-bocage@wanadoo.fr
MONTBRUN LAURAGAIS, mairie@montbrun-lauragais.fr
MONTCLAR DE COMMINGES, mairiedemonclardecommunges@wanadoo.fr
MONTCLAR LAURAGAIS, commune.montclarlauragais@orange.fr
MONT DE GALIE, 
MONTEGUT BOURJAC, monteg.bo@wanadoo.fr
MONTEGUT LAURAGAIS, mairie.montegut.lauragais@wanadoo.fr
MONTESPAN, montespan.mairie@wanadoo.fr
MONTESQUIEU GUITTAUT, 
MONTESQUIEU LAURAGAIS, montesquieu.mairie@wanadoo.fr
MONTESQUIEU VOLVESTRE, mairie.montesquieuvolvestre@orange-business.fr
MONTGAILLARD DE SALIES, montgaillard.mairie.31@orange.fr
MONTGAILLARD LAURAGAIS, mairie-de-montgaillard-lauragais@alsatis.net
MONTGAILLARD SUR SAVE, mairiemontsave@orange.fr
MONTGAZIN, commune-de-montgazin@orange.fr
MONTGEARD, mairiedemontgeard@wanadoo.fr
MONTGISCARD, courrier@montgiscard.com
MONTGRAS, mairie.montgras@orange.fr
MONTJOIRE, mairiedemontjoire@wanadoo.fr
MONTLAUR, mairiedemontlaur@orange.fr
MONTMAURIN, mairie.montmaurin@wanadoo.fr
MONTOULIEU SAINT BERNARD, 
MONTOUSSIN, mairie.montoussin.31@wanadoo.fr
MONTPITOL, mairie-montpitol@wanadoo.fr
MONTRABE, info@mairie-montrabe.fr
MONTREJEAU, mairie-montrejeau@wanadoo.fr
MONTSAUNES, mairie.montsaunes@wanadoo.fr
MOURVILLES BASSES, mairiedemourvilles@orange.fr
MOURVILLES HAUTES, mairiemourvilleshautes@wanadoo.fr
MOUSTAJON, communemoustajon@wanadoo.fr
MURET, accueil@mairie-muret.fr
NAILLOUX, mairiedenailloux@wanadoo.fr
NENIGAN, commune-de-nenigan@orange.fr
NIZAN GESSE, commune-nizan-gesse@orange.fr
NOE, mairie.noe@wanadoo.fr
NOGARET, mairie.nogaret@orange.fr
NOUEILLES, mairie@noueilles.fr
ODARS, mairie.odars@wanadoo.fr
ONDES, mairie-ondes@wanadoo.fr
OO, mairie.oo@wanadoo.fr
ORE, mairie.ore@wanadoo.fr
PALAMINY, mairie.palaminy@laposte.net
PAULHAC, mairie@paulhac.fr
PAYSSOUS, mairie.payssous@wanadoo.fr
PECHABOU, mairiedepechabou@wanadoo.fr
PECHBONNIEU, mairie@ville-pechbonnieu.fr
PECHBUSQUE, mairie.pechbusque@wanadoo.fr
PEGUILHAN, mairiedepeguilhan@wanadoo.fr
PELLEPORT, mairie.pelleport@free.fr
PEYRISSAS, mairie.peyrissas@wanadoo.fr
PEYROUZET, mairie.peyrouzet@orange.fr
PEYSSIES, mairie-peyssies2@wanadoo.fr
PIBRAC, mairie@mairie-pibrac.fr
PIN BALMA, mairie.pin-balma@wanadoo.fr
PINSAGUEL, contact@mairie-pinsaguel.com
PINS JUSTARET, dgs@mairie-pinsjustaret.fr
PLAGNE, mairie.plagne@wanadoo.fr
PLAGNOLE, Mairieplagnole@orange.fr
PLAISANCE DU TOUCH, mairie@ville-plaisancedutouch.fr
POINTIS DE RIVIERE, mairiepointis-de-riviere@wanadoo.fr
POINTIS INARD, mairiepointisinard@wanadoo.fr
POLASTRON, mairie.de.polastron@luxinet.fr
POMPERTUZAT, mairie.pompertuzat@wanadoo.fr
PONLAT TAILLEBOURG, mairie.ponlat31@sfr.fr
PORTET D ASPET, mairie.portetdaspet@wibox.fr
PORTET DE LUCHON, mairie.portetdeluchon@wanadoo.fr
PORTET SUR GARONNE, mairie-de-portet-sur-garonne@wanadoo.fr
POUBEAU, mairie.poubeau@wanadoo.fr
POUCHARRAMET, poucharramet.mairie@orange.fr
POUY DE TOUGES, mairie.pouydetouges@aliceadsl.fr
POUZE, mairie.pouze@wanadoo.fr
PRADERE LES BOURGUETS, mairiepradere@wanadoo.fr
PRESERVILLE, mairie.preserville@wanadoo.fr
PROUPIARY, 
PRUNET, 
PUYDANIEL, mairiepuydaniel@wanadoo.fr
PUYMAURIN, mairiedepuymaurin@orange.fr
PUYSSEGUR, mairie.puyssegur31@wanadoo.fr
QUINT FONSEGRIVES, mairie@mairie-quint-fonsegrives.fr
RAMONVILLE SAINT AGNE, cathy.talou@mairie-ramonville.fr
RAZECUEILLE, mairie.razecueille@wanadoo.fr
REBIGUE, rebigue.mairie@wanadoo.fr
REGADES, regades@orange.fr
RENNEVILLE, mairie.renneville450@alsatis.net
REVEL, mairie@mairie-revel.fr
RIEUCAZE, mairie.rieucaze@luxinet.fr
RIEUMAJOU, mairiederieumajou@orange.fr
RIEUMES, accueil@ville-rieumes.fr
RIEUX, mairie.rieux.31@wanadoo.fr
RIOLAS, mairie.riolas@wanadoo.fr
ROQUEFORT SUR GARONNE, mairie.roquefort.garonne@wanadoo.fr
ROQUES, c.lambert@mairie-roques-sur-garonne.fr
ROQUESERIERE, roqueseriere.mairie@wanadoo.fr
ROQUETTES, accueil.mairie@mairie-roquettes.fr
ROUEDE, communederouede@orange.fr
ROUFFIAC TOLOSAN, mairie-rouffiac-tolosan@wanadoo.fr
ROUMENS, mairiederoumens@wanadoo.fr
SABONNERES, mairie-sabonneres@wanadoo.fr
SACCOURVIELLE, 
SAIGUEDE, mairie.saiguede@wanadoo.fr
SAINT ALBAN, accueil@mairie-stalban.fr
SAINT ANDRE, mairie.standre@wanadoo.fr
SAINT ARAILLE, 
SAINT AVENTIN, mairie-st-aventin@wanadoo.fr
SAINT BEAT, mairie.saint-beat@wanadoo.fr
SAINT BERTRAND DE COMMINGES, mairie.stbertrandcomminges@wanadoo.fr
SAINT CEZERT, saintcezert@wanadoo.fr
SAINT CHRISTAUD, mairie.stchristaud@perso.altitudetetelecom.fr
SAINT CLAR DE RIVIERE, mairie.saint-clar-de-riviere@agglo-muretain.fr
SAINTE FOY D AIGREFEUILLE, sainte-foy-d-aigrefeuille.mairie@wanadoo.fr
SAINTE FOY DE PEYROLIERES, mairie.ste.foyp@wanadoo.fr
SAINTE LIVRADE, mairie.ste.livrade@wanadoo.fr
SAINT ELIX LE CHATEAU, mairie-st-elix@wanadoo.fr
SAINT ELIX SEGLAN, 
SAINT FELIX LAURAGAIS, mairie.stfelix@wanadoo.fr
SAINT FERREOL DE COMMINGES, mairie.stferreol@wanadoo.fr
SAINT FRAJOU, 
SAINT GAUDENS, aff.generales@stgo.fr
SAINT GENIES BELLEVUE, mairie-sgb@wanadoo.fr
SAINT GERMIER, mairie-saint-germier@orange.fr
SAINT HILAIRE, mairie.sthilaire31@wanadoo.fr
SAINT IGNAN, mairiestignan@wanadoo.fr
SAINT JEAN, contact@mairie-saintjean.fr
SAINT JEAN LHERM, mairie-saintjeanlherm@wanadoo.fr
SAINT JORY, mairie@ville-saint-jory.fr
SAINT JULIA, mairie-saintjulia@wanadoo.fr
SAINT JULIEN, saint-julien.mairie@wanadoo.fr
SAINT LARY BOUJEAN, mairie.saintlary@orange.fr
SAINT LAURENT, mairie.saintlaurentsursave@orange.fr
SAINT LEON, mairiedesaint-leon@wanadoo.fr
SAINT LOUP CAMMAS, mairie.saint-loup@wanadoo.fr
SAINT LOUP EN COMMINGES, 
SAINT LYS, mairie@ville-saint-lys.fr
SAINT MAMET, mairiesaint-mamet@wanadoo.fr
SAINT MARCEL PAULEL, stmarcelpaulel@wanadoo.fr
SAINT MARCET, saintmarcet@wanadoo.fr
SAINT MARTORY, mairie.st.martory@wanadoo.fr
SAINT MEDARD, mairie.st-medard@wanadoo.fr
SAINT MICHEL, mairie.stmichel@wanadoo.fr
SAINT ORENS DE GAMEVILLE, 
SAINT PAUL D OUEIL, 
SAINT PAUL SUR SAVE, mairiedesaintpaulsursave@wanadoo.fr
SAINT PE D ARDET, mairie-saintpedardet@wanadoo.fr
SAINT PE DELBOSC, 
SAINT PIERRE, mairie.stpierre31590@wanadoo.fr
SAINT PIERRE DE LAGES, mairie-de-saint-pierre-de-lages@wanadoo.fr
SAINT PLANCARD, saint-plancard@orange.fr
SAINT ROME, mairedestrome@orange.fr
SAINT RUSTICE, mairie.saint.rustice@wanadoo.fr
SAINT SAUVEUR, m.sts@wanadoo.fr
SAINT SULPICE SUR LEZE, stsulpice.leze@wanadoo.fr
SAINT THOMAS, mairie.saint.thomas@wanadoo.fr
SAINT VINCENT, info@comune.saint-vincent.ao.it
SAJAS, 
SALEICH, mairie-de-saleich@alsatis.net
SALERM, mairie.salerm@wanadoo.fr
SALIES DU SALAT, salies31@free.fr
SALLES ET PRATVIEL, salles.et.pratviel@wanadoo.fr
SALLES SUR GARONNE, mairie.salles@wanadoo.fr
SAMAN, 
SAMOUILLAN, mairie.samouillan@wanadoo.fr
SANA, commune.sana@orange.fr
SARRECAVE, mairie.sarrecave@orange.fr
SARREMEZAN, mairie.sarremezan@wanadoo.fr
SAUBENS, mairie@mairie-saubens.fr
SAUSSENS, mairie.saussens@wanadoo.fr
SAUVETERRE DE COMMINGES, mairie.sauveterrecomminges@wanadoo.fr
SAUX ET POMAREDE, mairiesaux@wanadoo.fr
SAVARTHES, mairie.savarthes@wanadoo.fr
SAVERES, mairiesaveres@orange.fr
SEDEILHAC, mairie.sedeilhac@wanadoo.fr
SEGREVILLE, jphmairie@wanadoo.fr
SEILH, accueil@mairie-seilh.fr
SEILHAN, bcmairie-seilhan@orange.fr
SENARENS, mairie.senarens@wanadoo.fr
SENGOUAGNET, monsieur-le-maire-de-sengouagnet@wanadoo.fr
SEPX, mairie.sepx@wanadoo.fr
SEYRE, mairie.seyre@gmail.com
SEYSSES, infos@mairie-seysses.fr
SIGNAC, mairie-signac@orange.fr
SODE, 
SOUEICH, soueich@wanadoo.fr
TARABEL, mairiedetarabel@wanadoo.fr
TERREBASSE, alain.larrive@wanadoo.fr
THIL, mairie-thil@wanadoo.fr
TOUILLE, communedetouille@orange.fr
TOULOUSE, dircom@mairie-toulouse.fr
TOURNEFEUILLE, communication@mairie-tournefeuille.fr
TOUTENS, mairie.toutens@wanadoo.fr
TREBONS DE LUCHON, 
TREBONS SUR LA GRASSE, trebons.grasse@free.fr
URAU, 
VACQUIERS, mairie.vacquiers@wanadoo.fr
VALCABRERE, mairie-de-valcabrere@orange.fr
VALENTINE, mairie.valentine@wanadoo.fr
VALLEGUE, mairiedevallegue@wanadoo.fr
VALLESVILLES, mairie.vallesvilles@wanadoo.fr
VARENNES, mairiedevarennes@wanadoo.fr
VAUDREUILLE, mairie.vaudreuille@wanadoo.fr
VAUX, vaux.commune@wanadoo.fr
VENDINE, mairie.vendine@orange.fr
VENERQUE, mairie-venerque@wanadoo.fr
VERFEIL, mairie.verfeil31@wanadoo.fr
VERNET, mairielevernet.31@wanadoo.fr
VIEILLE TOULOUSE, vieille-toulouse@wanadoo.fr
VIEILLEVIGNE, 
VIGNAUX, mairie-vignaux@wanadoo.fr
VIGOULET AUZIL, mairie.vigoulet-auzil@wanadoo.fr
VILLARIES, mairie.villaries@wanadoo.fr
VILLATE, mairie.villate@wanadoo.fr
VILLAUDRIC, mairie@villaudric.fr
VILLEFRANCHE DE LAURAGAIS, mairievillefranchelgais@wanadoo.fr
VILLEMATIER, mairie.villematier@wanadoo.fr
VILLEMUR SUR TARN, contact@mairie-villemur-sur-tarn.fr
VILLENEUVE DE RIVIERE, mairie.villeneuve4@wanadoo.fr
VILLENEUVE LECUSSAN, mairiedevilleneuvelecussan@wanadoo.fr
VILLENEUVE LES BOULOC, mairie.villeneuve.bouloc@wanadoo.fr
VILLENEUVE TOLOSANE, mairie@villeneuve-tolosane.fr
VILLENOUVELLE, mairie.villenouvelle@wanadoo.fr